Contaminated,Methane,NOxEmissions,PM2.5Emissions,VOCEmissions,SO2Emissions,CO2Emissions
1,848,960,1367,1784,1745,2445
1,1063,968,1627,1736,1785,1888
1,771,765,1391,1692,1523,2106
1,536,624,1224,1594,1171,2158
1,782,789,1333,1732,1529,2213
0,492,537,1044,1499,1137,2351
1,736,868,1431,1748,1530,1885
0,422,520,1004,1511,1051,2367
0,361,482,892,1467,927,2257
1,513,612,1221,1597,1258,2065
1,552,641,1248,1643,1172,2165
1,631,719,1365,1586,1517,2097
0,330,478,873,1478,1016,2261
1,588,666,1201,1633,1335,2108
1,499,602,1106,1586,1233,2050
1,816,927,1492,1777,1622,1862
1,539,600,1094,1597,1295,2491
1,1116,1022,1597,1819,1876,1929
1,508,603,1182,1611,1162,2112
1,611,629,1273,1641,1338,2302
1,870,912,1523,1758,1685,1946
1,853,957,1279,1797,1767,2457
1,577,594,1191,1613,1256,2324
0,432,482,1014,1607,1078,2280
1,504,562,1005,1558,1171,2501
1,823,762,1366,1701,1583,2180
0,378,459,884,1474,935,2251
1,595,652,1110,1678,1406,2310
0,456,437,916,1480,1104,2264
1,710,802,1300,1729,1579,2272
0,360,441,848,1401,890,2517
1,601,654,1265,1615,1348,2090
1,1091,1030,1693,1765,1748,1951
0,379,449,909,1487,1000,2300
1,543,599,1117,1541,1230,2368
1,708,732,1312,1690,1452,2263
1,758,631,1275,1667,1444,2320
1,1204,1105,1670,1805,1918,1917
1,650,674,1142,1673,1674,2532
1,501,562,1072,1581,1517,2454
1,606,672,1163,1654,1441,2336
1,709,703,1184,1684,1537,2462
1,836,671,1336,1676,1592,2430
1,531,615,1177,1592,1219,2195
1,650,708,1347,1638,1507,2069
0,309,451,795,1392,906,2230
1,482,599,1137,1588,1206,2327
1,843,912,1317,1788,1617,2434
1,828,856,1307,1776,1655,2490
1,735,880,1439,1738,1580,1814
0,459,540,1077,1609,978,2337
1,547,576,1175,1591,1245,2314
1,834,768,1495,1707,1583,1959
1,583,644,1261,1626,1370,2284
1,1064,1021,1679,1789,1731,1955
1,776,752,1376,1683,1558,2142
1,788,814,1454,1740,1633,2032
0,284,428,822,1397,856,2268
0,306,432,815,1408,886,2201
1,860,793,1359,1717,1634,2164
0,361,476,884,1472,938,2236
1,871,1018,1339,1824,1745,2439
0,362,501,941,1473,1082,2311
1,767,804,1253,1731,1412,2421
1,471,605,1158,1527,1209,2071
1,696,789,1325,1715,1496,1869
1,821,897,1341,1761,1701,2464
0,457,715,927,1611,1241,2292
1,581,704,1117,1654,1555,2332
0,380,439,874,1424,941,2169
0,365,476,922,1477,942,2251
0,458,498,1057,1621,995,2317
0,386,486,1012,1518,924,2234
1,544,551,1159,1587,1246,2347
1,587,695,1231,1659,1229,2142
0,399,469,1037,1527,926,2307
1,594,673,1214,1641,1304,2127
0,588,693,1176,1580,1387,2379
1,666,614,1231,1642,1391,2380
0,408,521,970,1469,1093,2296
1,582,615,1191,1604,1324,2405
1,630,671,1236,1639,1404,2356
1,500,574,1118,1556,1144,2141
1,521,612,1213,1617,1130,2190
1,706,747,1309,1736,1606,2277
1,710,705,1206,1689,1705,2388
0,377,467,873,1480,1159,2201
1,852,932,1333,1799,1637,2429
1,458,569,999,1527,1183,2138
0,364,471,883,1468,944,2234
1,588,601,1140,1657,1438,2307
0,520,548,967,1526,1141,2485
0,419,527,980,1468,1020,2336
0,387,497,947,1441,1065,2308
0,381,466,965,1501,1166,1942
1,488,615,1118,1609,1115,2088
1,731,887,1453,1742,1594,1860
1,615,667,1171,1672,1388,2324
0,509,496,992,1524,1129,2509
1,606,674,1160,1662,1439,2306
0,373,479,894,1487,908,2313
1,942,1120,1484,1859,1770,2418
1,560,680,1316,1656,1322,2025
1,710,737,1395,1656,1491,1912
1,778,769,1386,1701,1562,2146
0,369,475,984,1459,876,2298
1,596,685,1206,1663,1379,2279
0,301,429,826,1399,819,2291
1,788,891,1304,1761,1690,2464
0,485,546,1013,1536,1203,2555
1,555,597,1160,1593,1288,2411
1,596,667,1213,1604,1337,2132
1,526,598,1160,1581,1289,2301
1,840,940,1315,1808,1711,2491
0,458,526,958,1515,1083,2272
0,357,488,902,1448,947,2231
1,913,747,1420,1707,1742,2290
0,466,523,948,1528,1147,2265
1,878,823,1397,1709,1662,2134
1,577,613,1139,1618,1264,2323
0,380,426,948,1501,915,2353
0,438,665,910,1572,1202,2291
1,586,676,1106,1648,1538,2275
1,895,1009,1422,1822,1755,2442
1,669,658,1223,1633,1435,2250
1,1065,970,1657,1741,1726,2121
1,555,632,1265,1593,1262,2022
0,310,455,810,1396,1051,2113
0,408,468,894,1450,999,2227
0,384,491,903,1490,963,2310
0,365,488,983,1497,908,2207
1,1003,1046,1606,1813,1753,1889
1,559,638,1275,1601,1264,2052
1,554,657,1213,1626,1282,2062
1,595,655,1157,1680,1420,2298
0,447,442,916,1488,1110,2249
0,422,570,904,1519,1109,2342
0,366,491,904,1488,972,2280
1,822,739,1314,1670,1625,2405
1,557,618,1228,1628,1193,2182
1,737,746,1405,1642,1616,1949
1,507,577,1183,1610,1128,2209
1,550,614,1103,1612,1281,2345
1,640,726,1329,1694,1420,1953
1,480,627,1128,1546,1132,2113
1,570,745,1311,1679,1427,1974
1,587,590,1267,1706,1094,2128
1,527,632,1175,1591,1323,2143
1,533,585,1106,1581,1221,2360
0,418,544,962,1509,1097,2325
1,752,816,1318,1697,1486,1995
0,470,554,1087,1629,971,2355
1,522,614,1236,1606,1241,2047
1,745,837,1327,1753,1588,2265
1,552,641,1251,1637,1182,2162
0,385,453,851,1437,944,2517
1,675,794,1355,1703,1441,1900
1,494,636,1247,1627,1182,2140
0,401,504,954,1461,1009,2339
1,733,896,1462,1761,1605,1862
1,629,674,1154,1674,1520,2430
1,754,883,1431,1758,1577,1881
1,486,529,1136,1608,965,2094
1,1258,1168,1689,1864,1930,1904
1,608,648,1155,1636,1627,2463
1,840,938,1376,1829,1726,2359
0,532,644,1155,1602,1257,2435
1,722,624,1259,1645,1563,2345
0,371,442,883,1438,951,2468
1,616,627,1192,1637,1466,2447
1,865,880,1522,1723,1621,1967
1,686,738,1413,1664,1522,1927
1,504,555,1104,1560,1253,2111
1,686,744,1397,1657,1515,2066
1,605,637,1248,1590,1357,2266
1,556,593,1179,1562,1248,2362
0,527,529,1094,1554,1191,2247
0,409,469,896,1424,1010,2236
1,542,607,1119,1543,1228,2398
1,814,817,1355,1733,1557,2178
0,367,464,926,1437,1003,2272
1,1190,1064,1738,1786,1877,1903
1,797,847,1291,1754,1623,2497
1,831,1003,1398,1837,1737,2453
0,469,495,892,1486,1137,2452
0,326,471,922,1473,956,2268
1,712,669,1208,1646,1558,2353
1,608,735,1294,1685,1335,1988
1,543,575,1035,1599,1448,2476
1,977,811,1458,1692,1790,2265
0,463,525,967,1526,1141,2485
1,545,587,1050,1585,1206,2511
1,693,832,1393,1739,1496,1895
1,539,571,1164,1560,1248,2335
1,619,674,1187,1669,1445,2307
1,723,692,1317,1680,1609,2166
1,543,631,1259,1578,1262,2031
0,365,489,929,1467,1035,2346
1,1005,846,1483,1755,1660,2047
0,386,448,913,1483,979,2318
1,854,828,1513,1715,1657,2043
1,928,840,1587,1787,1538,1986
1,660,632,1183,1616,1384,2376
1,515,617,1200,1587,1146,2188
1,509,613,1188,1582,1217,2109
1,768,865,1450,1756,1554,1845
1,795,775,1360,1696,1644,2181
0,388,516,893,1444,1369,2192
1,560,567,1107,1585,1217,2487
0,313,413,845,1384,820,2362
1,620,720,1249,1705,1590,2281
1,749,684,1276,1605,1567,2408
1,528,611,1198,1612,1106,2166
1,1053,970,1652,1781,1701,1955
1,546,570,1082,1556,1528,2465
1,661,637,1204,1639,1383,2387
1,522,627,1233,1646,1118,2147
1,778,788,1320,1729,1509,2201
1,780,818,1246,1739,1631,2471
1,448,557,1015,1563,1097,2097
1,574,678,1173,1680,1452,2324
0,377,491,877,1478,1005,2280
1,559,642,1243,1603,1340,1994
1,654,801,1358,1661,1477,1924
1,819,806,1510,1670,1599,2099
0,360,491,861,1426,1014,2243
1,509,499,1035,1569,1136,2565
0,467,538,1107,1621,978,2333
0,326,471,980,1475,890,2302
1,561,586,1111,1574,1283,2403
0,381,460,888,1476,1330,1913
0,419,540,991,1503,1079,2350
1,1193,1046,1633,1797,1831,1957
1,597,770,1331,1682,1444,1962
0,388,397,881,1428,943,2536
0,372,503,879,1461,1019,2239
1,542,616,1249,1581,1245,2023
1,832,990,1360,1810,1759,2510
0,362,470,933,1476,915,2254
1,672,718,1394,1590,1489,2043
1,762,916,1428,1696,1628,1958
1,687,849,1307,1698,1536,1995
1,789,874,1435,1753,1583,1838
0,365,491,855,1432,1028,2233
0,344,475,988,1487,913,2256
1,569,612,1186,1602,1291,2287
0,419,527,976,1466,1039,2330
0,496,551,974,1499,1126,2504
1,530,615,1145,1546,1261,2226
0,429,494,947,1503,1055,2251
1,615,691,1301,1674,1395,1958
0,405,457,938,1444,987,2151
0,376,453,994,1503,916,2220
1,563,652,1281,1605,1283,2089
1,502,551,1190,1587,1090,2165
0,473,534,1057,1643,986,2322
1,541,664,1216,1634,1204,2120
1,494,601,1058,1565,1202,2170
0,448,548,1051,1612,1018,2306
1,902,779,1417,1706,1778,2217
0,378,420,940,1485,928,2326
0,362,416,921,1470,932,2244
1,582,582,1109,1559,1260,2368
0,379,506,955,1487,1015,2337
1,581,572,1191,1606,1287,2369
1,616,623,1125,1608,1347,2401
1,806,875,1311,1780,1664,2486
0,333,483,1000,1482,963,2229
0,407,497,954,1504,1128,2222
0,368,471,987,1446,883,2279
1,602,656,1215,1625,1321,2160
1,672,713,1367,1607,1440,2100
0,385,484,984,1515,902,2190
0,429,530,1090,1633,985,2343
1,549,640,1238,1643,1151,2147
1,513,570,1115,1575,1240,2099
1,904,1046,1550,1794,1705,1864
1,791,894,1493,1761,1590,1833
0,420,523,1000,1492,1095,2278
1,537,645,1220,1595,1185,2187
0,517,548,967,1509,1141,2485
0,408,502,1042,1540,941,2265
0,464,520,943,1513,1151,2228
1,700,773,1220,1740,1368,2347
1,683,762,1375,1707,1487,1837
0,311,456,809,1389,1046,2106
1,600,665,1263,1667,1254,2135
1,507,599,1209,1591,1243,2068
1,764,779,1433,1675,1556,1900
1,663,673,1316,1629,1383,1989
0,321,409,834,1394,827,2323
0,428,469,976,1447,1007,2152
1,846,930,1321,1794,1648,2424
0,412,471,1041,1509,937,2289
1,595,643,1145,1677,1421,2312
0,407,515,995,1501,1099,2265
0,510,549,1078,1519,1161,2301
0,381,475,930,1469,949,2294
1,525,624,1131,1590,1277,2085
1,530,605,1236,1603,1252,2042
1,791,792,1265,1748,1651,2497
1,547,605,1244,1609,1273,2025
1,626,669,1224,1653,1352,2112
0,379,516,882,1444,1493,2095
1,867,999,1327,1787,1785,2464
1,996,1115,1623,1766,1789,1845
0,392,473,897,1497,950,2277
1,699,648,1343,1667,1414,2294
0,472,507,968,1513,1091,2251
1,851,829,1500,1716,1613,2133
0,403,485,963,1507,901,2202
0,574,592,1150,1610,1221,2447
1,571,624,1230,1610,1318,2305
1,510,602,1214,1615,1132,2156
1,697,635,1197,1634,1447,2425
1,1118,1015,1654,1793,1768,1984
1,1136,1020,1684,1785,1793,1925
0,380,410,860,1416,936,2215
0,380,410,860,1416,936,2215
1,554,684,1225,1631,1210,2169
1,809,827,1248,1749,1600,2449
1,716,791,1396,1735,1503,1908
1,1062,1364,1518,1926,1819,2445
1,593,696,1198,1708,1440,2323
1,510,603,1178,1612,1101,2157
1,496,616,1200,1621,1167,2156
0,415,471,1063,1508,964,2224
0,421,518,999,1516,1055,2360
1,822,947,1359,1811,1673,2424
0,377,498,991,1492,921,2286
1,546,626,1140,1676,1366,2293
0,263,442,813,1383,945,2196
0,459,538,1062,1632,988,2319
0,375,462,885,1469,941,2219
1,636,669,1167,1628,1521,2486
1,854,1042,1377,1834,1779,2483
1,759,891,1456,1769,1569,1831
0,336,473,983,1492,922,2225
1,653,635,1276,1655,1356,2280
1,693,762,1304,1674,1481,2275
1,781,926,1483,1765,1617,1842
1,600,647,1107,1647,1413,2335
0,387,471,892,1477,967,2297
0,375,512,972,1487,1038,2346
0,373,435,867,1416,912,2286
1,870,982,1348,1817,1699,2513
0,358,434,900,1469,952,2214
0,416,496,906,1466,1002,2265
1,532,601,1092,1541,1294,2528
0,383,434,945,1496,938,2296
1,495,606,1192,1556,1106,2158
1,1000,1124,1568,1805,1795,1842
0,385,504,995,1483,910,2246
1,513,613,1089,1580,1211,2185
1,770,769,1270,1738,1660,2456
1,555,613,1063,1593,1274,2397
1,556,553,1046,1591,1456,2444
0,370,456,997,1506,970,2229
0,351,466,905,1476,936,2173
1,819,887,1295,1773,1633,2474
1,763,787,1240,1748,1431,2467
1,606,638,1281,1625,1446,1986
1,691,755,1295,1680,1470,2280
1,728,849,1421,1736,1549,1901
1,521,551,1182,1648,1075,2126
1,817,905,1297,1745,1672,2466
1,409,584,1065,1550,1106,2107
1,677,708,1327,1665,1469,2158
1,607,661,1154,1692,1372,2190
1,918,1023,1434,1870,1756,2426
1,874,963,1499,1716,1682,1929
1,1066,1388,1569,1897,1817,2490
0,387,469,962,1509,927,2287
1,660,735,1376,1590,1528,2077
0,457,539,1083,1601,983,2329
1,572,672,1101,1639,1460,2315
1,545,539,1025,1560,1161,2422
1,864,967,1363,1791,1689,2493
1,547,631,1226,1643,1161,2143
0,502,536,1028,1534,1126,2232
0,460,500,1098,1648,970,2369
1,579,556,1188,1608,1274,2363
1,999,839,1469,1722,1803,2296
0,401,398,810,1323,790,2354
1,815,941,1492,1786,1618,1849
1,801,911,1522,1770,1596,1835
1,1141,1047,1727,1810,1743,1986
0,312,422,830,1388,820,2321
1,508,590,1131,1533,1200,2110
1,712,729,1335,1666,1498,2108
0,358,497,1008,1509,937,2208
0,508,532,1006,1519,1149,2539
1,782,909,1448,1754,1599,1832
0,334,418,841,1401,842,2343
1,530,639,1142,1617,1385,2520
0,375,507,963,1483,1097,2309
1,563,678,1202,1658,1401,2345
0,390,519,1011,1505,1080,2378
1,839,937,1335,1803,1665,2461
1,501,650,1274,1639,1207,2148
1,484,603,1145,1596,1087,2167
0,518,560,1009,1503,1201,2578
0,407,533,1078,1549,993,2202
1,873,1015,1322,1819,1758,2498
1,772,864,1432,1834,1587,2277
1,586,606,1141,1620,1277,2491
1,1005,1115,1608,1813,1767,1837
1,554,644,1250,1644,1275,2124
1,758,778,1398,1624,1611,1961
1,732,887,1452,1738,1586,1868
1,603,649,1208,1594,1336,2376
1,611,659,1183,1597,1390,2339
0,405,454,923,1446,998,2170
1,690,754,1280,1720,1630,2276
1,662,717,1361,1561,1467,2111
1,777,904,1388,1739,1583,1872
1,537,644,1249,1655,1224,2158
1,866,959,1342,1802,1663,2422
1,733,744,1381,1638,1566,2095
1,554,610,1019,1577,1718,2363
1,499,590,1162,1595,1091,2185
1,596,610,1162,1605,1398,2328
1,725,734,1202,1714,1478,2470
1,989,940,1601,1725,1697,1944
1,846,1022,1408,1826,1775,2402
0,523,499,1067,1539,1154,2306
1,888,824,1417,1740,1688,2079
1,591,602,1232,1717,1111,2142
0,384,478,945,1497,868,2284
1,496,597,1103,1596,1121,2166
1,619,675,1175,1680,1418,2331
1,478,594,1166,1598,1092,2095
0,311,426,819,1401,856,2284
0,381,486,951,1490,898,2248
1,965,928,1610,1699,1686,1941
1,541,662,1117,1639,1451,2358
1,653,679,1163,1675,1566,2434
1,639,805,1370,1713,1508,1902
0,422,530,1073,1525,999,2195
1,517,575,1101,1575,1265,2467
1,586,614,1024,1597,1651,2441
1,896,864,1511,1667,1625,2131
1,822,813,1502,1708,1608,2028
1,526,594,1158,1611,1144,2177
1,825,903,1260,1780,1666,2450
1,550,643,1160,1609,1292,2169
1,537,626,1134,1601,1264,2189
1,696,702,1294,1711,1448,2290
1,548,641,1277,1636,1172,2159
0,351,476,978,1490,880,2255
1,669,675,1243,1664,1465,2429
0,417,517,990,1507,1129,2346
1,556,588,1230,1632,1199,2161
0,323,409,814,1383,819,2344
0,309,416,800,1372,797,2353
0,280,454,811,1390,999,2130
1,896,1032,1383,1837,1717,2502
1,540,659,1226,1639,1199,2152
0,483,501,961,1470,1117,2619
1,1062,1023,1692,1789,1735,1897
1,543,642,1228,1634,1169,2128
0,498,476,984,1495,1129,2695
1,552,631,1222,1631,1160,2158
1,862,826,1564,1768,1540,2037
1,659,694,1335,1633,1474,2094
1,552,607,1110,1634,1670,2375
1,613,677,1201,1632,1350,2192
0,358,452,916,1434,960,2125
1,483,589,1138,1571,1184,2083
1,658,697,1240,1649,1452,2422
1,894,1072,1575,1791,1748,1889
0,396,414,964,1499,910,2364
1,490,580,1096,1574,1166,2290
1,525,612,1150,1614,1132,2142
0,319,465,898,1460,960,2164
0,363,478,860,1485,1005,2218
1,1039,983,1662,1784,1676,2033
1,1151,1042,1614,1787,1893,1957
1,767,789,1385,1711,1637,2070
0,288,418,827,1384,846,2299
1,972,986,1593,1784,1809,1874
0,566,658,1151,1571,1238,2428
1,998,1026,1595,1796,1796,1923
0,375,483,912,1470,1225,2155
0,439,498,1005,1510,1070,2374
0,414,471,957,1413,989,2120
0,345,478,863,1462,1034,2227
1,808,851,1293,1766,1657,2491
1,562,652,1282,1607,1276,2076
0,363,451,873,1476,1008,2280
0,393,496,1006,1519,914,2192
1,490,578,1114,1549,1166,2325
0,374,393,870,1427,920,2507
1,608,616,1180,1615,1326,2381
0,373,478,984,1496,902,2208
0,400,501,940,1493,1026,2296
1,553,628,1037,1613,1446,2296
0,388,449,895,1444,1081,2133
0,483,499,993,1527,1161,2524
0,477,506,944,1491,1153,2565
0,467,895,977,1651,1468,2197
1,549,632,1163,1553,1265,2244
0,317,424,836,1361,840,2333
0,421,495,912,1487,1072,2317
1,769,783,1153,1697,1677,2448
0,387,493,1014,1517,928,2262
0,305,413,828,1398,834,2359
1,722,742,1394,1613,1478,2122
1,516,546,1035,1508,1226,2430
1,549,517,1061,1557,1249,2440
1,531,574,1202,1622,1144,2196
0,467,509,1008,1524,1127,2530
1,535,611,1229,1619,1224,2092
1,693,689,1389,1616,1489,2061
0,329,438,792,1390,884,2243
1,882,976,1514,1751,1664,1908
1,765,855,1456,1752,1565,1882
0,475,533,984,1533,1169,2550
0,312,435,823,1388,837,2317
0,415,509,974,1500,1066,2293
1,1058,997,1668,1788,1759,1940
1,507,597,1124,1593,1200,2247
1,707,704,1357,1669,1510,2105
0,321,432,854,1410,911,2525
1,1158,1055,1668,1841,1893,1849
1,933,935,1556,1753,1746,2017
1,513,640,1228,1637,1192,2170
1,563,626,1233,1614,1349,2300
1,459,576,1146,1534,1049,2165
1,928,946,1573,1744,1782,1949
0,377,460,916,1477,1102,2194
0,424,540,1047,1538,994,2212
1,561,651,1267,1609,1224,2156
1,611,635,1225,1640,1284,2407
0,522,631,1138,1596,1252,2421
0,448,492,929,1479,1163,2450
0,409,515,968,1456,1020,2352
1,548,581,1251,1684,1104,2117
1,544,633,1281,1647,1197,2148
0,326,413,816,1393,835,2332
0,356,441,889,1433,1011,2161
0,358,465,929,1461,937,2254
1,775,821,1262,1753,1638,2455
0,314,438,753,1379,936,2367
1,629,709,1237,1707,1600,2192
1,492,561,1101,1565,1229,2103
1,422,512,1009,1497,1037,2185
1,603,629,1196,1670,1323,2374
1,680,677,1364,1651,1482,2186
1,742,752,1343,1598,1550,2155
1,472,525,1016,1505,1116,2535
1,738,848,1436,1749,1550,1857
1,566,573,1256,1598,1261,2043
0,382,502,901,1466,992,2305
0,471,501,926,1506,1122,2434
0,422,468,974,1450,964,2109
1,598,662,1146,1616,1349,2513
1,622,645,1174,1605,1373,2426
0,332,436,806,1397,843,2315
1,496,601,1113,1577,1218,2114
1,878,990,1350,1815,1779,2449
0,522,574,1127,1569,1229,2299
1,626,659,1179,1684,1440,2319
1,797,873,1289,1744,1544,2405
1,705,729,1329,1697,1524,2183
0,358,438,907,1467,941,2225
1,1082,968,1670,1789,1712,2197
1,547,644,1158,1591,1276,2241
1,744,889,1403,1754,1571,1855
1,593,596,1151,1603,1348,2355
1,674,804,1283,1728,1616,2267
0,434,472,994,1491,1071,2344
1,651,668,1227,1601,1405,2353
1,932,1115,1609,1803,1785,1853
1,685,739,1171,1693,1524,2348
0,358,470,932,1471,919,2268
1,607,636,1127,1631,1342,2506
1,514,559,1057,1584,1196,2486
0,396,447,1001,1495,912,2240
1,878,907,1508,1748,1722,2035
0,418,493,950,1487,996,2347
0,388,498,945,1511,890,2283
0,521,540,1074,1547,1189,2212
1,622,688,1185,1689,1401,2283
1,469,608,1184,1601,1167,2168
0,384,490,903,1492,990,2264
1,527,636,1235,1636,1191,2164
0,371,436,879,1417,963,2262
1,953,966,1577,1819,1715,2000
1,581,605,1281,1561,1389,2046
0,404,483,972,1507,956,2287
1,855,924,1333,1803,1745,2502
1,786,789,1451,1662,1583,2147
0,506,492,971,1504,1111,2702
1,542,608,1165,1598,1305,2099
1,436,533,1114,1613,979,2101
0,391,491,862,1483,1010,2251
1,844,772,1427,1689,1680,2121
0,403,515,1015,1527,927,2302
1,805,773,1392,1737,1549,2199
1,917,821,1571,1779,1543,2008
0,305,425,816,1406,853,2267
1,750,717,1210,1716,1508,2440
1,568,649,1261,1644,1222,2020
1,658,711,1172,1691,1565,2443
1,924,934,1559,1780,1745,1916
1,554,656,1278,1641,1210,2085
1,861,936,1344,1811,1750,2503
1,539,630,1238,1623,1145,2169
0,388,491,915,1478,1142,2216
1,498,614,1153,1609,1104,2157
1,638,669,1158,1683,1422,2335
0,490,521,989,1516,1146,2524
0,371,485,931,1496,952,2292
1,562,639,1216,1635,1216,2129
1,595,642,1296,1646,1286,2119
1,408,518,1012,1516,1021,2133
1,528,546,1184,1681,1075,2100
1,630,616,1186,1649,1366,2510
1,777,728,1438,1698,1527,2257
1,775,881,1472,1708,1591,1836
1,564,609,1139,1615,1329,2531
1,1097,1020,1708,1790,1707,1970
1,1011,950,1600,1698,1788,1942
1,513,546,1035,1508,1226,2430
0,460,499,944,1495,1075,2519
0,373,443,880,1434,956,2463
1,695,716,1369,1597,1482,2156
1,780,661,1299,1652,1622,2350
1,494,594,1181,1607,1103,2128
1,501,562,1080,1574,1223,2529
1,547,668,1300,1646,1312,2037
1,522,555,1045,1511,1271,2442
1,782,887,1306,1760,1685,2467
0,344,490,926,1489,1175,2163
1,695,841,1283,1729,1620,2263
1,580,627,1095,1610,1297,2386
0,386,442,887,1475,1006,2286
0,384,446,979,1482,880,2280
0,370,448,895,1394,959,2484
0,501,541,958,1516,1161,2667
1,560,567,1107,1580,1217,2487
0,409,516,909,1486,1085,2301
0,391,473,978,1498,989,2251
0,439,421,986,1460,995,2121
0,381,493,946,1475,1006,2263
1,522,619,1132,1609,1271,2053
1,552,579,1173,1550,1250,2330
0,310,430,829,1379,879,2294
0,422,538,955,1535,1049,2372
0,313,434,813,1397,839,2318
0,373,469,979,1508,853,2263
1,817,881,1298,1790,1622,2493
1,650,711,1275,1717,1577,2287
0,482,518,960,1505,1134,2472
1,831,914,1455,1735,1606,1951
1,779,860,1389,1808,1603,2249
1,688,767,1319,1769,1598,2258
1,674,811,1353,1702,1491,1895
1,468,620,1132,1588,1282,2150
1,987,1010,1602,1778,1792,1935
0,440,520,932,1460,1154,2398
1,697,701,1215,1722,1411,2509
1,404,517,1021,1492,1000,2160
1,864,1008,1366,1789,1741,2450
1,517,569,1098,1586,1283,2478
0,394,436,850,1435,1198,2172
0,348,463,907,1463,933,2207
1,734,815,1427,1736,1554,1894
1,532,549,984,1557,1210,2346
1,761,748,1228,1727,1679,2473
1,573,669,1173,1677,1456,2316
1,666,718,1213,1701,1651,2447
1,748,757,1362,1672,1562,2049
1,741,768,1338,1681,1482,2227
0,367,470,932,1441,955,2309
1,702,673,1353,1653,1475,2180
1,455,587,1169,1594,1143,2198
1,556,629,1163,1618,1215,2246
1,480,590,1062,1560,1174,2202
1,876,995,1367,1814,1652,2466
0,423,525,1052,1557,989,2198
1,523,608,1135,1594,1255,2400
1,706,676,1233,1629,1465,2289
1,886,1064,1422,1851,1724,2502
1,584,654,1221,1607,1326,2201
0,517,548,967,1527,1141,2485
1,601,668,1137,1646,1434,2329
1,640,590,1105,1608,1459,2427
1,557,579,1250,1619,1242,2064
1,802,776,1393,1731,1546,2213
1,760,762,1377,1610,1552,2095
1,671,700,1325,1598,1458,2092
1,597,650,1204,1633,1344,2327
1,1129,1058,1665,1797,1889,1950
0,309,406,839,1381,785,2351
1,780,896,1438,1813,1489,2434
1,789,770,1420,1679,1580,2108
1,489,614,1157,1600,1149,2160
1,791,788,1187,1678,1742,2331
1,498,617,1131,1576,1272,2203
1,477,537,959,1541,1109,2533
1,506,573,993,1547,1644,2428
1,776,895,1430,1779,1587,1860
1,534,654,1282,1625,1308,2017
0,387,512,974,1503,1011,2343
1,552,571,1085,1591,1528,2453
1,722,684,1247,1643,1470,2260
1,798,897,1500,1765,1589,1882
1,630,696,1218,1684,1388,2266
1,696,754,1271,1727,1603,2262
0,366,439,862,1431,900,2450
1,506,513,1038,1549,1132,2542
0,369,452,862,1415,914,2519
0,338,491,893,1472,980,2301
1,592,585,1135,1581,1320,2432
0,383,507,890,1463,967,2294
0,312,435,833,1382,875,2226
1,522,573,1068,1562,1232,2344
1,773,799,1472,1694,1615,2106
1,534,581,1064,1586,1436,2479
1,691,741,1395,1667,1532,2073
1,742,795,1421,1682,1649,2021
0,374,485,863,1472,1440,2167
1,716,836,1399,1736,1508,1869
0,406,505,1055,1494,949,2280
1,702,716,1359,1643,1510,2222
1,670,679,1200,1661,1400,2362
1,530,638,1140,1600,1294,2050
1,504,569,1026,1561,1158,2523
1,660,744,1126,1707,1454,2282
1,685,650,1221,1596,1427,2324
1,499,586,1120,1577,1208,2128
1,852,920,1266,1732,1763,2408
1,742,685,1228,1693,1741,2395
1,524,619,1163,1614,1160,2144
1,956,956,1557,1813,1744,1976
0,383,478,952,1496,882,2279
1,1124,1064,1652,1806,1901,1911
1,828,769,1380,1702,1585,2185
0,418,565,943,1526,1077,2344
1,467,601,1182,1593,1138,2202
1,788,683,1358,1705,1613,2188
1,585,661,1118,1654,1443,2325
1,503,607,1169,1603,1189,2158
1,491,594,1134,1559,1204,2048
1,519,595,1122,1586,1210,2240
1,858,995,1352,1807,1796,2467
0,458,519,938,1498,1139,2380
1,516,617,1150,1609,1276,2131
0,504,520,999,1520,1111,2681
0,310,435,817,1349,863,2275
1,536,591,1081,1601,1225,2551
0,568,647,1149,1614,1239,2374
1,590,644,1282,1649,1275,2082
1,804,697,1329,1669,1593,2420
1,993,1180,1495,1894,1763,2503
1,595,677,1323,1587,1442,2076
0,390,531,1005,1496,1114,2345
1,477,572,1148,1578,1092,2209
1,502,591,1208,1546,1212,2059
0,307,404,814,1384,783,2375
0,372,474,983,1494,849,2276
1,744,793,1435,1742,1540,1861
1,633,693,1332,1633,1465,2069
1,805,902,1516,1767,1627,1831
1,478,585,1183,1587,1178,2117
1,710,776,1397,1618,1514,2048
0,396,488,880,1473,977,2300
0,474,543,967,1526,1141,2485
1,628,670,1162,1640,1352,2303
1,549,611,1112,1620,1384,2289
1,534,626,1138,1600,1264,2176
1,619,643,1252,1641,1329,2243
1,575,630,1255,1659,1203,2192
0,410,462,888,1467,966,2237
0,432,494,931,1486,1147,2201
1,591,608,1282,1718,1087,2113
0,413,478,925,1448,1005,2259
1,594,638,1231,1574,1449,2005
1,506,607,1181,1570,1159,2151
0,505,537,1004,1476,1181,2604
1,669,686,1169,1700,1557,2404
1,571,606,1180,1611,1279,2303
1,920,934,1498,1784,1735,2015
1,711,736,1323,1757,1577,2312
1,527,638,1111,1586,1289,2080
0,415,550,935,1503,1086,2352
1,1066,993,1621,1816,1870,1961
1,785,825,1302,1790,1302,2426
1,728,627,1246,1635,1512,2442
1,705,732,1381,1643,1520,1958
0,278,427,832,1392,869,2274
1,610,641,1108,1639,1664,2467
1,808,861,1330,1793,1688,2478
1,565,565,1079,1546,1236,2478
1,683,730,1193,1715,1544,2449
1,493,619,1163,1590,1236,2133
1,746,778,1438,1681,1577,2082
0,430,527,957,1497,1137,2475
1,550,640,1248,1626,1183,2143
1,525,604,1063,1583,1251,2533
0,306,425,829,1379,836,2305
1,495,590,1081,1575,1257,2533
1,843,964,1354,1803,1715,2449
1,459,595,1207,1586,1190,2195
0,396,472,996,1500,960,2194
1,763,892,1461,1708,1614,1862
1,492,513,1091,1622,957,2101
1,552,639,1202,1642,1194,2131
1,547,547,1076,1568,1298,2450
1,561,616,1282,1635,1196,2134
1,774,941,1286,1787,1473,2328
0,383,462,995,1505,970,2214
1,612,653,1128,1679,1433,2309
1,523,569,1092,1546,1218,2492
0,385,484,954,1499,952,2235
0,272,376,775,1348,792,2316
0,308,459,802,1395,926,2193
1,1049,1009,1615,1833,1819,1957
1,502,585,1190,1592,1178,2110
0,382,489,996,1503,872,2234
0,416,509,910,1502,1015,2319
1,512,609,1117,1640,1376,2301
0,376,486,909,1461,1074,2292
0,468,509,997,1498,1158,2238
1,547,617,1119,1551,1242,2372
1,670,631,1236,1649,1405,2344
1,824,907,1445,1702,1621,1955
0,454,525,925,1504,1113,2309
0,483,523,912,1520,1181,2438
0,369,465,879,1465,930,2235
1,945,979,1587,1801,1814,1861
1,543,581,1161,1601,1270,2125
1,805,917,1513,1778,1613,1827
0,345,435,862,1421,954,2241
1,578,568,1100,1596,1223,2433
0,382,506,904,1480,988,2297
1,426,555,1028,1495,1086,2174
1,804,876,1276,1739,1658,2483
1,954,958,1576,1779,1798,1827
1,757,744,1257,1673,1713,2382
0,368,437,869,1433,948,2468
0,394,443,999,1506,897,2265
1,576,630,1172,1581,1299,2362
1,812,880,1307,1721,1683,2461
1,499,587,1167,1612,1077,2206
0,317,407,777,1391,804,2363
1,771,846,1306,1733,1711,2434
1,549,633,1233,1644,1157,2160
1,714,818,1196,1735,1490,2286
1,762,804,1387,1732,1536,2234
0,288,368,770,1343,776,2329
0,391,509,981,1514,908,2269
1,633,727,1385,1606,1488,2092
1,415,537,1024,1507,1051,2107
1,802,905,1516,1771,1603,1868
1,515,626,1185,1546,1283,2027
0,397,497,945,1496,1046,2310
0,522,550,980,1528,1130,2435
0,437,700,880,1582,1246,2292
1,697,712,1306,1619,1562,1954
1,828,929,1324,1807,1744,2438
1,776,832,1281,1744,1697,2452
1,835,904,1264,1772,1663,2479
1,686,740,1289,1737,1592,2258
1,630,705,1218,1643,1343,2066
0,307,405,820,1381,812,2281
1,959,982,1607,1795,1772,1919
1,840,786,1326,1722,1603,2177
0,380,447,921,1475,1029,2212
0,391,505,1012,1476,931,2188
1,669,658,1162,1673,1601,2465
1,526,563,1082,1583,1169,2526
1,619,620,1096,1652,1644,2471
0,360,482,864,1414,1039,2211
0,376,486,911,1449,970,2268
1,653,621,1173,1699,1350,2500
1,819,845,1366,1811,1694,2440
1,530,614,1228,1618,1184,2146
1,574,612,1110,1592,1279,2367
1,494,581,1120,1574,1197,2182
1,682,687,1243,1676,1413,2278
1,640,737,1339,1695,1439,1986
1,670,729,1220,1687,1458,2441
1,711,623,1230,1618,1454,2360
0,370,478,884,1478,980,2234
0,494,578,933,1506,1131,2455
1,539,565,1212,1655,1082,2101
1,707,737,1381,1628,1596,1958
1,666,707,1172,1672,1494,2463
1,536,566,1148,1601,1228,2115
1,629,683,1338,1541,1443,2128
1,582,596,1144,1594,1330,2330
0,365,432,885,1414,875,2496
0,311,442,787,1393,883,2244
1,511,599,1105,1620,1202,2394
0,435,579,967,1526,1141,2485
1,707,734,1164,1693,1723,2495
0,366,435,819,1421,893,2511
1,572,559,1076,1574,1220,2430
1,748,775,1462,1628,1509,2110
1,855,969,1335,1815,1759,2440
1,921,868,1522,1767,1731,2026
0,324,464,898,1459,941,2212
1,554,660,1283,1625,1204,2146
1,803,906,1515,1777,1582,1845
1,751,691,1279,1657,1616,2288
1,613,719,1311,1682,1388,1999
1,800,942,1317,1797,1762,2510
1,443,585,1124,1591,1115,2168
1,640,769,1338,1710,1404,1958
1,550,638,1257,1627,1197,2138
0,361,436,912,1473,923,2269
0,375,472,988,1508,881,2228
1,1266,1119,1702,1852,1875,1896
1,811,830,1287,1768,1657,2482
1,713,622,1242,1636,1556,2361
1,872,1021,1436,1853,1603,2283
1,485,553,1044,1563,1180,2523
0,384,491,973,1492,956,2248
1,793,875,1519,1767,1603,1869
0,387,499,995,1472,943,2231
0,426,494,1085,1554,989,2286
1,494,564,1092,1558,1111,2134
0,345,491,907,1474,992,2293
1,803,918,1464,1786,1630,1826
1,514,666,1249,1651,1210,2183
0,460,779,948,1627,1292,2291
1,826,901,1249,1788,1660,2478
1,573,658,1114,1628,1451,2338
0,513,552,1001,1514,1165,2669
0,457,539,1016,1535,1166,2249
0,377,430,812,1422,959,2265
1,655,694,1308,1606,1460,2079
1,700,719,1374,1633,1491,2179
0,375,469,908,1489,996,2330
0,372,483,935,1499,858,2302
1,843,1014,1374,1810,1766,2498
1,582,639,1279,1650,1243,2136
1,523,649,1207,1630,1162,2143
0,472,525,1009,1491,1169,2537
1,887,1068,1480,1847,1601,2438
0,517,548,967,1526,1141,2485
0,401,496,933,1496,986,2316
1,550,611,1098,1600,1290,2457
1,1089,1012,1702,1796,1681,2029
1,506,567,1217,1684,1094,2111
0,500,524,999,1513,1103,2664
1,609,648,1207,1645,1303,2357
1,794,870,1520,1784,1617,1864
1,1028,944,1614,1741,1747,1904
1,542,594,1142,1553,1263,2327
0,521,540,994,1543,1162,2236
1,891,1054,1388,1855,1747,2432
1,525,635,1182,1616,1164,2181
0,428,548,954,1524,1101,2485
1,504,624,1207,1588,1131,2133
1,469,527,1124,1635,978,2090
0,545,641,1148,1595,1230,2448
0,307,433,814,1398,895,2192
1,877,922,1355,1816,1679,2491
1,805,878,1216,1658,1719,2462
1,423,562,1028,1490,1103,2207
0,479,521,980,1529,1163,2540
0,305,424,847,1400,847,2347
1,626,683,1217,1657,1352,2198
0,324,427,786,1387,863,2278
0,361,433,862,1427,902,2460
1,545,625,1168,1594,1235,2270
0,552,642,1153,1600,1237,2380
0,402,531,1001,1503,1116,2342
0,301,433,816,1400,896,2245
0,405,542,973,1504,1042,2220
0,519,549,1073,1571,1135,2316
1,580,596,1117,1604,1303,2493
1,830,772,1361,1683,1584,2198
1,599,654,1153,1679,1395,2326
1,573,618,1115,1657,1384,2261
0,395,485,869,1487,972,2316
1,508,616,1126,1600,1142,2147
1,627,682,1107,1624,1639,2427
1,518,608,1182,1630,1138,2140
0,520,521,1024,1538,1163,2212
0,457,504,994,1499,1127,2243
1,801,707,1329,1672,1575,2379
0,493,529,1005,1494,1142,2600
1,772,812,1389,1842,1521,2494
1,1091,1017,1693,1759,1729,2027
0,267,404,810,1377,802,2359
0,384,467,970,1493,883,2341
0,442,481,897,1487,1004,2245
0,517,523,904,1526,1060,2485
1,1112,1015,1645,1827,1833,1928
0,429,485,1069,1554,976,2263
1,519,627,1242,1626,1165,2157
1,569,653,1110,1643,1492,2334
1,737,882,1451,1706,1574,1887
1,886,1048,1383,1838,1796,2458
1,539,628,1140,1614,1280,2101
1,534,548,1051,1573,1224,2364
1,998,1026,1595,1796,1796,1923
0,319,467,907,1457,935,2237
1,642,694,1202,1687,1322,2201
1,521,571,1134,1575,1191,2200
1,605,645,1202,1636,1347,2322
1,494,556,1031,1558,1136,2129
1,691,653,1263,1664,1430,2339
1,743,893,1418,1760,1562,1881
0,408,487,919,1477,1032,2212
1,585,581,1174,1610,1284,2430
0,320,388,838,1400,823,2360
0,424,548,944,1504,1090,2485
0,346,486,908,1486,992,2318
1,662,791,1339,1721,1507,1866
0,381,492,997,1470,891,2271
1,504,661,1284,1634,1213,2137
1,537,629,1167,1623,1182,2154
1,931,972,1543,1783,1698,1912
1,540,595,1114,1575,1167,2388
0,434,473,1007,1494,1069,2386
1,647,668,1308,1637,1466,2105
1,647,766,1338,1701,1497,1911
1,970,920,1580,1731,1763,1865
0,389,486,1014,1504,898,2202
1,556,568,1103,1640,1370,2293
1,936,898,1551,1793,1736,2019
1,560,602,1166,1595,1236,2349
1,627,602,1160,1618,1267,2337
1,531,637,1252,1580,1187,2131
1,793,826,1373,1722,1562,2178
0,306,426,827,1362,822,2365
1,575,622,1129,1610,1270,2388
1,641,696,1112,1670,1312,2300
1,987,1010,1602,1778,1792,1935
1,918,1013,1401,1847,1761,2494
0,512,640,1148,1580,1261,2418
1,503,590,1205,1585,1171,2154
1,539,536,1090,1580,1219,2527
0,399,521,990,1502,1062,2394
1,673,629,1162,1622,1379,2414
0,376,449,883,1435,949,2461
0,369,452,913,1479,942,2238
1,519,591,1145,1575,1176,2123
0,344,427,839,1416,831,2362
1,496,610,1126,1605,1141,2149
1,749,733,1208,1711,1714,2388
0,567,585,1125,1583,1254,2362
1,554,584,1146,1582,1248,2407
1,798,904,1321,1763,1632,2243
0,465,522,997,1499,1154,2554
1,989,1114,1601,1771,1777,1856
0,407,434,911,1440,958,2108
1,597,652,1152,1686,1435,2264
1,1035,1016,1592,1819,1820,1947
1,804,921,1503,1781,1625,1859
1,584,652,1261,1659,1235,2105
1,715,801,1422,1727,1496,1870
0,372,490,867,1471,1014,2236
1,628,690,1132,1687,1427,2323
1,622,668,1152,1691,1399,2248
1,580,658,1066,1650,1457,2344
0,369,514,959,1497,1018,2344
1,974,1240,1509,1900,1784,2479
0,380,505,955,1491,1065,2272
0,378,480,887,1484,967,2297
0,501,528,1015,1487,1161,2684
1,680,697,1372,1654,1392,1974
1,516,638,1253,1570,1356,2029
1,644,682,1158,1701,1434,2309
1,656,671,1235,1663,1352,2286
1,544,639,1230,1628,1152,2149
1,603,662,1154,1680,1411,2318
1,657,697,1225,1668,1462,2370
1,793,850,1274,1726,1678,2476
1,883,810,1411,1733,1631,2122
1,681,703,1339,1653,1422,2238
1,1153,1025,1702,1787,1809,1934
1,906,749,1379,1697,1692,2308
1,606,654,1121,1610,1653,2452
1,517,640,1162,1629,1151,2181
1,687,755,1378,1785,1315,2302
1,739,750,1378,1627,1548,1969
1,417,536,1030,1515,1059,2125
1,826,846,1304,1773,1678,2467
0,372,479,997,1451,891,2274
1,690,694,1306,1667,1470,2198
1,596,655,1157,1659,1388,2323
1,598,675,1303,1601,1390,2052
1,751,683,1273,1658,1574,2367
0,365,495,858,1472,1025,2240
1,991,1126,1615,1816,1764,1854
1,775,809,1252,1741,1678,2419
0,370,485,895,1424,1015,2256
1,539,573,1134,1579,1239,2272
0,379,498,931,1487,1196,1907
0,327,403,829,1397,824,2357
1,1030,1256,1504,1910,1797,2458
1,965,796,1451,1687,1740,2331
0,495,524,1007,1479,1118,2703
0,321,435,786,1395,856,2284
1,797,815,1342,1736,1555,2184
0,453,516,960,1471,1106,2488
1,541,571,1174,1677,1074,2117
0,307,427,854,1395,852,2350
1,682,722,1099,1637,1676,2457
1,477,533,1088,1625,958,2126
0,390,491,1012,1505,897,2292
1,649,702,1218,1639,1425,2464
1,901,1044,1396,1802,1772,2480
0,389,464,962,1492,852,2273
1,537,553,1078,1579,1472,2457
1,912,1067,1408,1816,1766,2498
1,992,903,1559,1733,1756,1926
1,628,701,1132,1684,1353,2261
1,621,672,1137,1652,1377,2494
0,394,518,995,1484,1106,2340
1,715,719,1374,1634,1537,2008
0,404,501,956,1473,1010,2344
0,432,507,953,1506,1075,2304
1,467,596,1148,1599,1140,2150
1,861,951,1349,1823,1697,2462
0,379,489,953,1508,923,2249
0,402,501,955,1471,984,2307
0,500,538,1008,1520,1164,2642
1,762,904,1413,1758,1580,1881
1,453,567,1057,1548,1196,2100
0,354,467,910,1428,943,2221
1,757,730,1358,1697,1479,2242
1,559,562,1187,1585,1285,2311
0,466,502,934,1507,1109,2467
1,757,869,1434,1749,1565,1880
1,487,595,1099,1572,1233,2110
1,714,747,1352,1595,1518,2113
0,402,516,943,1460,1016,2325
0,286,430,820,1393,874,2250
1,533,599,1221,1625,1141,2134
1,736,773,1218,1715,1685,2422
1,550,612,1091,1623,1254,2338
1,546,664,1101,1631,1526,2303
1,786,908,1443,1773,1609,1856
1,496,620,1131,1606,1092,2155
1,587,679,1299,1674,1278,2088
1,764,757,1265,1728,1700,2398
0,413,545,955,1524,1063,2339
0,309,443,823,1387,912,2178
1,854,970,1339,1814,1757,2428
1,554,622,1186,1598,1329,2382
0,420,481,949,1446,1000,2198
1,546,617,1094,1611,1366,2287
1,598,686,1111,1639,1405,2330
1,565,610,1135,1567,1301,2375
0,354,458,907,1477,918,2246
1,685,747,1216,1705,1586,2468
1,937,965,1527,1769,1804,1904
1,806,845,1275,1768,1553,2479
0,311,422,846,1399,832,2305
1,826,735,1311,1680,1626,2347
1,689,693,1266,1654,1512,2120
1,610,649,1225,1585,1343,2383
1,765,769,1335,1632,1634,1926
1,544,609,1022,1611,1397,2298
1,551,650,1219,1639,1173,2156
0,417,522,1012,1456,1091,2378
1,773,823,1304,1734,1648,2447
1,521,664,1242,1619,1216,2156
1,773,895,1465,1769,1599,1823
1,659,652,1351,1649,1309,2169
1,529,611,1089,1564,1203,2412
1,875,1065,1434,1853,1743,2416
1,740,872,1455,1727,1570,1863
0,377,497,915,1455,992,2235
1,537,643,1206,1638,1154,2145
0,428,521,1010,1525,1171,2568
0,356,465,914,1451,955,2204
1,844,974,1342,1810,1744,2519
0,399,501,955,1459,1066,2317
0,369,440,834,1427,937,2205
0,414,505,963,1492,1026,2316
0,268,346,772,1333,773,2379
1,1052,1019,1606,1787,1869,1948
1,586,705,1278,1670,1407,2002
1,847,981,1320,1809,1750,2486
1,691,764,1307,1747,1598,2247
1,705,729,1329,1697,1524,2183
0,442,523,1048,1622,993,2318
0,423,511,981,1502,1110,2216
0,358,471,919,1457,972,2255
1,767,789,1375,1711,1633,2070
1,610,637,1175,1584,1352,2392
1,726,823,1424,1729,1546,1896
1,532,584,1033,1587,1217,2514
0,401,465,875,1428,1014,2207
0,411,520,967,1468,1072,2303
1,543,635,1149,1588,1272,2224
1,858,855,1477,1655,1620,2115
1,877,791,1452,1734,1672,2108
1,748,886,1431,1731,1548,1869
0,381,488,902,1485,919,2332
0,395,499,1017,1468,922,2237
0,367,439,893,1408,946,2518
1,561,677,1302,1664,1285,2128
0,390,509,993,1482,936,2238
0,419,568,917,1516,1114,2342
1,849,958,1321,1811,1717,2497
1,548,558,1078,1615,1391,2479
1,641,674,1156,1652,1410,2433
1,696,678,1354,1644,1476,2239
1,833,791,1344,1699,1609,2167
1,607,670,1161,1625,1367,2502
0,357,469,924,1465,928,2223
1,759,809,1384,1745,1546,2222
1,609,649,1098,1624,1583,2458
1,532,570,1082,1592,1175,2535
0,416,491,1052,1547,997,2218
1,880,1062,1416,1840,1636,2458
1,807,894,1291,1761,1660,2488
1,659,680,1329,1638,1444,2103
1,770,693,1289,1680,1595,2345
1,506,540,1094,1575,1242,2437
1,568,649,1278,1656,1190,2130
0,311,425,824,1371,839,2337
0,338,467,907,1466,934,2194
1,547,641,1276,1651,1143,2151
1,941,1028,1400,1851,1793,2498
0,355,423,915,1470,933,2244
0,408,543,948,1516,1111,2294
0,369,443,861,1419,903,2439
1,532,634,1255,1638,1129,2161
0,405,499,951,1464,1019,2316
1,580,664,1234,1646,1282,2089
1,940,1127,1434,1871,1731,2504
1,467,603,1092,1556,1234,2078
1,766,856,1450,1763,1559,1841
1,491,562,1004,1564,1166,2554
1,800,829,1399,1699,1567,2210
1,975,1065,1576,1794,1751,1822
1,506,619,1186,1585,1142,2194
1,585,673,1171,1673,1455,2320
1,529,646,1260,1633,1288,2087
0,417,515,999,1619,1087,2239
0,309,382,832,1389,828,2344
1,678,783,1267,1710,1591,2289
0,403,442,882,1462,993,2233
1,671,692,1203,1676,1735,2409
1,827,890,1318,1772,1574,2459
0,453,501,966,1497,1126,2358
1,642,697,1169,1676,1560,2471
1,737,705,1310,1689,1466,2237
1,671,751,1259,1711,1582,2274
1,453,517,1070,1558,1054,2285
1,982,992,1560,1801,1773,1948
1,571,663,1194,1638,1306,2181
0,319,434,798,1395,844,2336
0,384,506,996,1496,921,2272
0,405,453,1014,1510,904,2296
1,781,775,1252,1714,1676,2388
0,366,510,1052,1521,961,2287
0,376,447,876,1392,962,2515
0,311,418,838,1391,819,2310
1,708,742,1374,1664,1505,2112
1,643,708,1334,1688,1431,1872
1,1098,997,1723,1813,1594,2187
0,460,544,1069,1646,978,2340
1,755,796,1230,1730,1628,2468
1,1013,973,1606,1806,1833,1938
1,589,647,1291,1651,1241,2146
1,540,648,1250,1642,1186,2081
1,565,665,1251,1650,1182,2169
0,370,476,910,1496,1049,2165
1,644,708,1348,1699,1447,1887
1,567,594,1253,1625,1279,2073
1,544,621,1124,1613,1317,2493
1,642,655,1161,1635,1376,2383
1,559,597,1112,1567,1266,2352
0,432,491,1079,1547,991,2252
1,559,574,1089,1598,1544,2459
0,437,513,949,1500,1143,2321
0,545,577,1082,1578,1197,2263
1,778,784,1400,1638,1579,2117
0,375,443,895,1393,949,2506
1,603,639,1233,1628,1280,2316
1,725,689,1204,1712,1559,2476
0,265,401,808,1374,795,2349
1,606,663,1164,1633,1339,2355
1,557,587,1175,1578,1254,2308
1,694,729,1396,1568,1492,2106
0,377,482,1010,1466,935,2242
1,737,685,1292,1659,1436,2308
0,369,478,890,1471,1003,2232
1,513,577,1162,1589,1155,2161